customerid,name,address,email
1,Opaline,"Suite 57",otomney0@cmu.edu
2,Aloisia,"Apt 693",alepope1@last.fm
3,Calida,"Room 1446",cmaha2@cyberchimps.com
4,Channa,"PO Box 51264",cockland3@youku.com
5,Sarine,"1st Floor",smccready4@si.edu
6,Penny,"Apt 111",plowbridge5@google.ca
7,Hatti,"Apt 1917",hbartol6@meetup.com
8,Donny,"Apt 800",dbloxam7@hubpages.com
9,Garrot,"Apt 1178",gkolyagin8@stumbleupon.com
10,Aurlie,"Apt 282",asitch9@princeton.edu
11,Lancelot,"5th Floor",lnornasella@chicagotribune.com
12,Cordie,"15th Floor",cqueyosb@shinystat.com
13,Trixi,"17th Floor",tcowlardc@si.edu
14,Grant,"2nd Floor",gcrottaghd@phpbb.com
15,Elwin,"PO Box 73631",etuppere@furl.net
16,Sarene,"Room 582",sskeldonf@liveinternet.ru
17,Shelba,"8th Floor",srankling@naver.com
18,Ninnette,"PO Box 7677",nmccrumh@lulu.com
19,Kippie,"Room 1515",kgamblei@addthis.com
20,Eugenio,"PO Box 18735",enealandj@vinaora.com
21,Shane,"Suite 42",schalfontk@skyrock.com
22,Bobbi,"Suite 82",bconiberel@sphinn.com
23,Rodolphe,"Room 593",rfergussonm@nytimes.com
24,Rodge,"PO Box 29464",rtosdevinn@mlb.com
25,Benson,"Room 500",bsivyero@linkedin.com
26,Kelli,"Suite 18",kiglesiap@whitehouse.gov
27,Milt,"4th Floor",mjoncicq@nih.gov
28,Allegra,"Room 895",aohingertyr@squidoo.com
29,Jedediah,"11th Floor",jpeverells@skype.com
30,Mikol,"9th Floor",mlongstafft@cbslocal.com
31,Quinton,"Room 920",qmuiru@economist.com
32,Isa,"Apt 72",imaciloryv@networkadvertising.org
33,Marcos,"Apt 521",malflatw@edublogs.org
34,Lukas,"Suite 81",lkidsleyx@hp.com
35,Koenraad,"Room 746",kclemy@smugmug.com
36,Agnese,"Apt 1949",abirdfieldz@oracle.com
37,Garvin,"Room 1012",gmcpartlin10@cam.ac.uk
38,Elfrieda,"Apt 1015",eguslon11@thetimes.co.uk
39,Den,"Suite 28",dbrodbin12@4shared.com
40,Beck,"PO Box 38405",bgleadhall13@prlog.org
41,Mathilda,"Suite 10",mmiddle14@ustream.tv
42,Penelopa,"Apt 416",pgullis15@census.gov
43,Candis,"5th Floor",cvangeffen16@sina.com.cn
44,Lexie,"Apt 1749",lverzey17@altervista.org
45,Donella,"Suite 49",dreddington18@boston.com
46,Brunhilde,"PO Box 42989",bfassum19@webnode.com
47,Riobard,"Suite 78",rwhitmarsh1a@globo.com
48,Cooper,"Apt 998",cskurm1b@meetup.com
49,Herold,"Room 1481",hjellard1c@cdc.gov
50,Lise,"Apt 876",lbatha1d@myspace.com
51,Jess,"2nd Floor",jharbage1e@sciencedaily.com
52,Jinny,"Room 1200",jodlin1f@nature.com
53,Muriel,"Suite 49",mbabon1g@blinklist.com
54,Danielle,"Suite 38",dohrt1h@msn.com
55,Rafa,"2nd Floor",rmcclurg1i@walmart.com
56,Nissie,"PO Box 81815",nadacot1j@canalblog.com
57,Micaela,"Suite 8",mfarren1k@hostgator.com
58,Huntley,"PO Box 81282",hmaffy1l@canalblog.com
59,Margarethe,"Room 1628",mhanlin1m@google.com.au
60,Loise,"Suite 96",lgammade1n@gmpg.org
61,Krishna,"Suite 17",kkearn1o@qq.com
62,Monro,"PO Box 48714",moconnor1p@walmart.com
63,Willy,"Apt 781",whacking1q@uol.com.br
64,Anjanette,"Apt 857",agagen1r@si.edu
65,Tobias,"PO Box 45925",tisacq1s@unesco.org
66,Lloyd,"Apt 170",lspight1t@shutterfly.com
67,Jethro,"PO Box 44006",jmountjoy1u@baidu.com
68,Ardelis,"Apt 1347",askace1v@wikimedia.org
69,Kirbie,"Room 522",kvanhalen1w@lulu.com
70,Christiana,"PO Box 25056",cfraney1x@umich.edu
71,Desiree,"PO Box 70820",dcanas1y@amazon.co.uk
72,Elene,"PO Box 44623",eclaridge1z@psu.edu
73,Fran,"Apt 393",fwalsh20@indiegogo.com
74,Hort,"Suite 41",hpetrashov21@nytimes.com
75,Marie,"Suite 16",mshoppee22@imgur.com
76,Conrado,"Suite 95",cverny23@weather.com
77,Coral,"Apt 1579",cmcgriffin24@oakley.com
78,Mellisa,"Room 1820",mdenington25@examiner.com
79,Laurene,"Suite 21",lkoles26@princeton.edu
80,Gustave,"Room 677",gellacott27@fda.gov
81,Audrie,"2nd Floor",astobbe28@cnn.com
82,Lalo,"Room 1708",lberthomieu29@lulu.com
83,Linda,"Suite 25",lgentzsch2a@virginia.edu
84,Hunt,"5th Floor",hvanichev2b@telegraph.co.uk
85,Oates,"17th Floor",ochavey2c@dot.gov
86,Barnard,"Room 1885",bsantora2d@intel.com
87,Kippie,"Room 848",kfrancklyn2e@people.com.cn
88,Raquela,"Suite 20",rhelbeck2f@domainmarket.com
89,Juieta,"Room 1416",jmundle2g@squarespace.com
90,Kikelia,"Apt 189",kheathcott2h@live.com
91,Dasya,"PO Box 68397",dpieroni2i@msn.com
92,Di,"PO Box 43803",dscimoni2j@cam.ac.uk
93,Reuven,"Suite 13",rmarris2k@yandex.ru
94,Doe,"10th Floor",ddowers2l@pbs.org
95,Traci,"Suite 72",tdorant2m@wunderground.com
96,Barn,"Room 1290",bswain2n@google.it
97,Annnora,"18th Floor",asouthway2o@ovh.net
98,Edee,"Room 101",eredmain2p@columbia.edu
99,Ambrosi,"Apt 683",avayne2q@illinois.edu
100,Clotilda,"Room 31",cmeere2r@hp.com
101,Clark,"Suite 43",cyglesia2s@sun.com
102,Nils,"Suite 51",nrochester2t@rediff.com
103,Ollie,"Suite 32",otheze2u@ocn.ne.jp
104,Nefen,"Apt 869",njoinson2v@independent.co.uk
105,Dukie,"Suite 61",dwane2w@miibeian.gov.cn
106,Amie,"Apt 129",afilde2x@purevolume.com
107,Amii,"Room 1932",adosdale2y@tumblr.com
108,Rivalee,"Apt 1505",rdodgshon2z@live.com
109,Reginald,"Suite 66",rperillo30@bizjournals.com
110,Linell,"13th Floor",lcokly31@sitemeter.com
111,Burk,"Apt 1527",baizikov32@census.gov
112,Yorke,"Suite 60",yroma33@patch.com
113,Osbert,"Apt 295",omcneilly34@disqus.com
114,Tamera,"Suite 15",tcromly35@prnewswire.com
115,Christoforo,"PO Box 10505",cmatelaitis36@deliciousdays.com
116,Myrilla,"8th Floor",mmaccathay37@mayoclinic.com
117,Cicely,"3rd Floor",cdurston38@com.com
118,Chrystel,"Room 1615",cwolfart39@ask.com
119,Lindsey,"12th Floor",lsimkovitz3a@cornell.edu
120,Lenci,"PO Box 76950",lsnipe3b@alibaba.com
121,Julietta,"PO Box 14409",jkamena3c@boston.com
122,Emmey,"PO Box 99741",esandcraft3d@comsenz.com
123,Jilly,"Apt 160",jworge3e@psu.edu
124,Jasen,"Apt 748",jbenaine3f@is.gd
125,Cara,"Room 402",cpickton3g@eepurl.com
126,Filmore,"Suite 63",fcusted3h@tiny.cc
127,Kalle,"Room 1336",kjoisce3i@blogger.com
128,Ermentrude,"Suite 11",ehue3j@hexun.com
129,Shari,"PO Box 56245",sricket3k@omniture.com
130,Bernadene,"1st Floor",bburdge3l@github.com
131,Jobyna,"10th Floor",jclardge3m@storify.com
132,Layla,"PO Box 32217",lczaja3n@dmoz.org
133,Olivette,"PO Box 36270",owilsee3o@wufoo.com
134,Nelia,"Room 1124",nindge3p@cpanel.net
135,Shermy,"Room 18",sharker3q@state.gov
136,Lenora,"PO Box 35244",lgayle3r@miibeian.gov.cn
137,Dorree,"19th Floor",dkristof3s@seesaa.net
138,Hunt,"Suite 77",hwarcop3t@desdev.cn
139,Sidnee,"Apt 538",sherety3u@printfriendly.com
140,Lilla,"PO Box 18205",lhaslin3v@cdc.gov
141,Foster,"Apt 1879",fhindes3w@answers.com
142,Fransisco,"Room 1776",ffahey3x@seesaa.net
143,Norma,"Apt 1622",ntree3y@cbslocal.com
144,Aleksandr,"Room 1197",atimms3z@multiply.com
145,Sib,"Apt 925",sbeacham40@seesaa.net
146,Pepe,"Room 522",pmcvrone41@artisteer.com
147,Bartlet,"Suite 50",bmcgrah42@yellowbook.com
148,Tierney,"16th Floor",trasor43@businesswire.com
149,Goober,"12th Floor",gtimms44@psu.edu
150,Garrot,"PO Box 16599",gsamudio45@ed.gov
151,Grenville,"Room 1265",gbaudet46@businesswire.com
152,Skelly,"16th Floor",srayer47@sciencedirect.com
153,Essa,"Apt 1370",epersicke48@51.la
154,Ardis,"PO Box 47313",acornelleau49@last.fm
155,Jonah,"PO Box 64846",jwharrier4a@utexas.edu
156,Kean,"Apt 1564",kbreakwell4b@who.int
157,Christophorus,"Suite 31",cnaisey4c@go.com
158,Sergei,"PO Box 91166",swilloughey4d@abc.net.au
159,Derry,"Apt 1910",dsmeuin4e@rakuten.co.jp
160,Sylvan,"17th Floor",spellatt4f@wikia.com
161,Gilemette,"Apt 832",ggibson4g@hp.com
162,Linnea,"Apt 145",lmasters4h@imgur.com
163,Ree,"Suite 76",rsidnall4i@symantec.com
164,Delmer,"20th Floor",dkettlewell4j@netvibes.com
165,Elva,"17th Floor",elehuquet4k@domainmarket.com
166,Parnell,"Room 665",pwilfinger4l@imdb.com
167,Kelvin,"Apt 256",kacuna4m@geocities.jp
168,Mair,"Suite 79",minglesant4n@dedecms.com
169,Stanleigh,"Suite 57",scoolson4o@symantec.com
170,Abbot,"8th Floor",adelafoy4p@mac.com
171,Angelica,"PO Box 35518",aspeed4q@w3.org
172,Clarence,"Room 1156",cguihen4r@google.co.uk
173,Charmain,"Room 1247",cboddice4s@cpanel.net
174,Keith,"Suite 37",kasey4t@elpais.com
175,Egan,"6th Floor",ejennrich4u@shop-pro.jp
176,Billye,"Room 1166",bninnis4v@hatena.ne.jp
177,Gwen,"15th Floor",glearman4w@cargocollective.com
178,Vanni,"18th Floor",vdun4x@hostgator.com
179,Bobinette,"Apt 1037",bpigeon4y@bizjournals.com
180,Ambrosio,"Room 1818",aflello4z@fastcompany.com
181,Chiquia,"PO Box 27694",choogendorp50@amazon.de
182,Hadleigh,"12th Floor",hsushams51@ted.com
183,Rhetta,"PO Box 85253",rberrie52@mozilla.org
184,Loleta,"PO Box 62824",lflower53@hostgator.com
185,Electra,"Suite 29",emaffulli54@rambler.ru
186,Farlay,"Room 217",fjancik55@oakley.com
187,Fergus,"Apt 32",ffreschini56@weebly.com
188,Annabela,"Apt 194",abewly57@ihg.com
189,Darcie,"Suite 98",daime58@hp.com
190,Fiann,"Room 1439",fyorke59@guardian.co.uk
191,Maddie,"Apt 95",mperri5a@who.int
192,Rozele,"PO Box 20499",rvanezis5b@va.gov
193,Nicolle,"18th Floor",nsurcomb5c@php.net
194,Luther,"13th Floor",lreubbens5d@china.com.cn
195,Xaviera,"Apt 183",xoferris5e@twitpic.com
196,Karia,"Suite 49",kwindrum5f@stanford.edu
197,Ludwig,"Suite 58",lstert5g@eventbrite.com
198,Sullivan,"Suite 99",sjamieson5h@nasa.gov
199,Lucretia,"16th Floor",ljeanequin5i@seattletimes.com
200,Milli,"PO Box 92406",mwoodcock5j@nbcnews.com
